"Location","SitsinState","GeoID_Description_1","GeoVintage_1","GeoID_Name_1","GeoID_1","GeoID_Formatted_1","mhhinc_20202024","TimeFrame_1","GeoID_Description_2","GeoVintage_2","GeoID_Name_2","GeoID_2","GeoID_Formatted_2","rpopden_20202024","TimeFrame_2","GeoID_Description_3","GeoVintage_3","GeoID_Name_3","GeoID_3","GeoID_Formatted_3","ppov_20202024","TimeFrame_3","GeoID_Description_4","GeoVintage_4","GeoID_Name_4","GeoID_4","GeoID_Formatted_4","pbach_20202024","TimeFrame_4"
"Maricopa (County, 2022)","AZ","Zip Code Tabulation Area, 2020","2020","85003","85003","85003","60461","2020-2024","Zip Code Tabulation Area, 2020","2020","85003","85003","85003","5846.65","2020-2024","Zip Code Tabulation Area, 2020","2020","85003","85003","85003","28.85","2020-2024","Zip Code Tabulation Area, 2020","2020","85003","85003","85003","22.72","2020-2024"
"Maricopa (County, 2022)","AZ","Zip Code Tabulation Area, 2020","2020","85004","85004","85004","73750","2020-2024","Zip Code Tabulation Area, 2020","2020","85004","85004","85004","6045.32","2020-2024","Zip Code Tabulation Area, 2020","2020","85004","85004","85004","21.67","2020-2024","Zip Code Tabulation Area, 2020","2020","85004","85004","85004","34.43","2020-2024"
"Maricopa (County, 2022)","AZ","Zip Code Tabulation Area, 2020","2020","85006","85006","85006","58248","2020-2024","Zip Code Tabulation Area, 2020","2020","85006","85006","85006","5522.29","2020-2024","Zip Code Tabulation Area, 2020","2020","85006","85006","85006","23.08","2020-2024","Zip Code Tabulation Area, 2020","2020","85006","85006","85006","15.52","2020-2024"
"Maricopa (County, 2022)","AZ","Zip Code Tabulation Area, 2020","2020","85007","85007","85007","63616","2020-2024","Zip Code Tabulation Area, 2020","2020","85007","85007","85007","2948.68","2020-2024","Zip Code Tabulation Area, 2020","2020","85007","85007","85007","21.61","2020-2024","Zip Code Tabulation Area, 2020","2020","85007","85007","85007","12.38","2020-2024"
"Maricopa (County, 2022)","AZ","Zip Code Tabulation Area, 2020","2020","85008","85008","85008","66353","2020-2024","Zip Code Tabulation Area, 2020","2020","85008","85008","85008","5839.93","2020-2024","Zip Code Tabulation Area, 2020","2020","85008","85008","85008","18.45","2020-2024","Zip Code Tabulation Area, 2020","2020","85008","85008","85008","17.89","2020-2024"
"Maricopa (County, 2022)","AZ","Zip Code Tabulation Area, 2020","2020","85009","85009","85009","52054","2020-2024","Zip Code Tabulation Area, 2020","2020","85009","85009","85009","3553.56","2020-2024","Zip Code Tabulation Area, 2020","2020","85009","85009","85009","27.34","2020-2024","Zip Code Tabulation Area, 2020","2020","85009","85009","85009","5.32","2020-2024"
"Maricopa (County, 2022)","AZ","Zip Code Tabulation Area, 2020","2020","85012","85012","85012","86620","2020-2024","Zip Code Tabulation Area, 2020","2020","85012","85012","85012","3861.08","2020-2024","Zip Code Tabulation Area, 2020","2020","85012","85012","85012","15.33","2020-2024","Zip Code Tabulation Area, 2020","2020","85012","85012","85012","33.67","2020-2024"
"Maricopa (County, 2022)","AZ","Zip Code Tabulation Area, 2020","2020","85013","85013","85013","71966","2020-2024","Zip Code Tabulation Area, 2020","2020","85013","85013","85013","6103.36","2020-2024","Zip Code Tabulation Area, 2020","2020","85013","85013","85013","9.72","2020-2024","Zip Code Tabulation Area, 2020","2020","85013","85013","85013","24.70","2020-2024"
"Maricopa (County, 2022)","AZ","Zip Code Tabulation Area, 2020","2020","85014","85014","85014","66731","2020-2024","Zip Code Tabulation Area, 2020","2020","85014","85014","85014","6414.20","2020-2024","Zip Code Tabulation Area, 2020","2020","85014","85014","85014","12.03","2020-2024","Zip Code Tabulation Area, 2020","2020","85014","85014","85014","27.41","2020-2024"
"Maricopa (County, 2022)","AZ","Zip Code Tabulation Area, 2020","2020","85015","85015","85015","54874","2020-2024","Zip Code Tabulation Area, 2020","2020","85015","85015","85015","8457.96","2020-2024","Zip Code Tabulation Area, 2020","2020","85015","85015","85015","20.15","2020-2024","Zip Code Tabulation Area, 2020","2020","85015","85015","85015","17.49","2020-2024"
"Maricopa (County, 2022)","AZ","Zip Code Tabulation Area, 2020","2020","85016","85016","85016","87850","2020-2024","Zip Code Tabulation Area, 2020","2020","85016","85016","85016","4523.41","2020-2024","Zip Code Tabulation Area, 2020","2020","85016","85016","85016","10.06","2020-2024","Zip Code Tabulation Area, 2020","2020","85016","85016","85016","30.95","2020-2024"
"Maricopa (County, 2022)","AZ","Zip Code Tabulation Area, 2020","2020","85017","85017","85017","58346","2020-2024","Zip Code Tabulation Area, 2020","2020","85017","85017","85017","8765.31","2020-2024","Zip Code Tabulation Area, 2020","2020","85017","85017","85017","27.10","2020-2024","Zip Code Tabulation Area, 2020","2020","85017","85017","85017","7.40","2020-2024"
"Maricopa (County, 2022)","AZ","Zip Code Tabulation Area, 2020","2020","85018","85018","85018","93885","2020-2024","Zip Code Tabulation Area, 2020","2020","85018","85018","85018","2472.77","2020-2024","Zip Code Tabulation Area, 2020","2020","85018","85018","85018","8.24","2020-2024","Zip Code Tabulation Area, 2020","2020","85018","85018","85018","34.32","2020-2024"
"Maricopa (County, 2022)","AZ","Zip Code Tabulation Area, 2020","2020","85019","85019","85019","68528","2020-2024","Zip Code Tabulation Area, 2020","2020","85019","85019","85019","7351.47","2020-2024","Zip Code Tabulation Area, 2020","2020","85019","85019","85019","21.75","2020-2024","Zip Code Tabulation Area, 2020","2020","85019","85019","85019","8.69","2020-2024"
"Maricopa (County, 2022)","AZ","Zip Code Tabulation Area, 2020","2020","85020","85020","85020","83735","2020-2024","Zip Code Tabulation Area, 2020","2020","85020","85020","85020","3975.74","2020-2024","Zip Code Tabulation Area, 2020","2020","85020","85020","85020","12.45","2020-2024","Zip Code Tabulation Area, 2020","2020","85020","85020","85020","24.88","2020-2024"
"Maricopa (County, 2022)","AZ","Zip Code Tabulation Area, 2020","2020","85021","85021","85021","59768","2020-2024","Zip Code Tabulation Area, 2020","2020","85021","85021","85021","5735.61","2020-2024","Zip Code Tabulation Area, 2020","2020","85021","85021","85021","17.41","2020-2024","Zip Code Tabulation Area, 2020","2020","85021","85021","85021","21.95","2020-2024"
"Maricopa (County, 2022)","AZ","Zip Code Tabulation Area, 2020","2020","85022","85022","85022","69927","2020-2024","Zip Code Tabulation Area, 2020","2020","85022","85022","85022","5724.17","2020-2024","Zip Code Tabulation Area, 2020","2020","85022","85022","85022","12.61","2020-2024","Zip Code Tabulation Area, 2020","2020","85022","85022","85022","25.02","2020-2024"
"Maricopa (County, 2022)","AZ","Zip Code Tabulation Area, 2020","2020","85023","85023","85023","77369","2020-2024","Zip Code Tabulation Area, 2020","2020","85023","85023","85023","4725.84","2020-2024","Zip Code Tabulation Area, 2020","2020","85023","85023","85023","9.41","2020-2024","Zip Code Tabulation Area, 2020","2020","85023","85023","85023","19.52","2020-2024"
"Maricopa (County, 2022)","AZ","Zip Code Tabulation Area, 2020","2020","85024","85024","85024","106724","2020-2024","Zip Code Tabulation Area, 2020","2020","85024","85024","85024","2235.19","2020-2024","Zip Code Tabulation Area, 2020","2020","85024","85024","85024","6.30","2020-2024","Zip Code Tabulation Area, 2020","2020","85024","85024","85024","28.50","2020-2024"
"Maricopa (County, 2022)","AZ","Zip Code Tabulation Area, 2020","2020","85027","85027","85027","76605","2020-2024","Zip Code Tabulation Area, 2020","2020","85027","85027","85027","3365.82","2020-2024","Zip Code Tabulation Area, 2020","2020","85027","85027","85027","13.08","2020-2024","Zip Code Tabulation Area, 2020","2020","85027","85027","85027","22.42","2020-2024"
"Maricopa (County, 2022)","AZ","Zip Code Tabulation Area, 2020","2020","85028","85028","85028","125054","2020-2024","Zip Code Tabulation Area, 2020","2020","85028","85028","85028","2737.13","2020-2024","Zip Code Tabulation Area, 2020","2020","85028","85028","85028","5.19","2020-2024","Zip Code Tabulation Area, 2020","2020","85028","85028","85028","32.18","2020-2024"
"Maricopa (County, 2022)","AZ","Zip Code Tabulation Area, 2020","2020","85029","85029","85029","64556","2020-2024","Zip Code Tabulation Area, 2020","2020","85029","85029","85029","5309.93","2020-2024","Zip Code Tabulation Area, 2020","2020","85029","85029","85029","17.83","2020-2024","Zip Code Tabulation Area, 2020","2020","85029","85029","85029","16.93","2020-2024"
"Maricopa (County, 2022)","AZ","Zip Code Tabulation Area, 2020","2020","85031","85031","85031","70412","2020-2024","Zip Code Tabulation Area, 2020","2020","85031","85031","85031","7679.49","2020-2024","Zip Code Tabulation Area, 2020","2020","85031","85031","85031","16.95","2020-2024","Zip Code Tabulation Area, 2020","2020","85031","85031","85031","5.69","2020-2024"
"Maricopa (County, 2022)","AZ","Zip Code Tabulation Area, 2020","2020","85032","85032","85032","78643","2020-2024","Zip Code Tabulation Area, 2020","2020","85032","85032","85032","5730.07","2020-2024","Zip Code Tabulation Area, 2020","2020","85032","85032","85032","11.66","2020-2024","Zip Code Tabulation Area, 2020","2020","85032","85032","85032","22.67","2020-2024"
"Maricopa (County, 2022)","AZ","Zip Code Tabulation Area, 2020","2020","85033","85033","85033","64144","2020-2024","Zip Code Tabulation Area, 2020","2020","85033","85033","85033","9413.56","2020-2024","Zip Code Tabulation Area, 2020","2020","85033","85033","85033","18.67","2020-2024","Zip Code Tabulation Area, 2020","2020","85033","85033","85033","5.96","2020-2024"
"Maricopa (County, 2022)","AZ","Zip Code Tabulation Area, 2020","2020","85034","85034","85034","63559","2020-2024","Zip Code Tabulation Area, 2020","2020","85034","85034","85034","419.92","2020-2024","Zip Code Tabulation Area, 2020","2020","85034","85034","85034","25.40","2020-2024","Zip Code Tabulation Area, 2020","2020","85034","85034","85034","15.38","2020-2024"
"Maricopa (County, 2022)","AZ","Zip Code Tabulation Area, 2020","2020","85035","85035","85035","60440","2020-2024","Zip Code Tabulation Area, 2020","2020","85035","85035","85035","9546.38","2020-2024","Zip Code Tabulation Area, 2020","2020","85035","85035","85035","21.61","2020-2024","Zip Code Tabulation Area, 2020","2020","85035","85035","85035","5.49","2020-2024"
"Maricopa (County, 2022)","AZ","Zip Code Tabulation Area, 2020","2020","85037","85037","85037","84016","2020-2024","Zip Code Tabulation Area, 2020","2020","85037","85037","85037","6677.84","2020-2024","Zip Code Tabulation Area, 2020","2020","85037","85037","85037","11.69","2020-2024","Zip Code Tabulation Area, 2020","2020","85037","85037","85037","9.71","2020-2024"
"Maricopa (County, 2022)","AZ","Zip Code Tabulation Area, 2020","2020","85040","85040","85040","60727","2020-2024","Zip Code Tabulation Area, 2020","2020","85040","85040","85040","3374.80","2020-2024","Zip Code Tabulation Area, 2020","2020","85040","85040","85040","23.23","2020-2024","Zip Code Tabulation Area, 2020","2020","85040","85040","85040","10.17","2020-2024"
"Maricopa (County, 2022)","AZ","Zip Code Tabulation Area, 2020","2020","85041","85041","85041","75301","2020-2024","Zip Code Tabulation Area, 2020","2020","85041","85041","85041","3993.83","2020-2024","Zip Code Tabulation Area, 2020","2020","85041","85041","85041","15.85","2020-2024","Zip Code Tabulation Area, 2020","2020","85041","85041","85041","12.69","2020-2024"
"Maricopa (County, 2022)","AZ","Zip Code Tabulation Area, 2020","2020","85042","85042","85042","88717","2020-2024","Zip Code Tabulation Area, 2020","2020","85042","85042","85042","2360.82","2020-2024","Zip Code Tabulation Area, 2020","2020","85042","85042","85042","15.91","2020-2024","Zip Code Tabulation Area, 2020","2020","85042","85042","85042","21.13","2020-2024"
"Maricopa (County, 2022)","AZ","Zip Code Tabulation Area, 2020","2020","85043","85043","85043","78257","2020-2024","Zip Code Tabulation Area, 2020","2020","85043","85043","85043","2035.25","2020-2024","Zip Code Tabulation Area, 2020","2020","85043","85043","85043","15.61","2020-2024","Zip Code Tabulation Area, 2020","2020","85043","85043","85043","10.72","2020-2024"
"Maricopa (County, 2022)","AZ","Zip Code Tabulation Area, 2020","2020","85044","85044","85044","96820","2020-2024","Zip Code Tabulation Area, 2020","2020","85044","85044","85044","2385.09","2020-2024","Zip Code Tabulation Area, 2020","2020","85044","85044","85044","8.71","2020-2024","Zip Code Tabulation Area, 2020","2020","85044","85044","85044","30.25","2020-2024"
"Maricopa (County, 2022)","AZ","Zip Code Tabulation Area, 2020","2020","85045","85045","85045","153583","2020-2024","Zip Code Tabulation Area, 2020","2020","85045","85045","85045","1913.45","2020-2024","Zip Code Tabulation Area, 2020","2020","85045","85045","85045","2.71","2020-2024","Zip Code Tabulation Area, 2020","2020","85045","85045","85045","36.44","2020-2024"
"Maricopa (County, 2022)","AZ","Zip Code Tabulation Area, 2020","2020","85048","85048","85048","122833","2020-2024","Zip Code Tabulation Area, 2020","2020","85048","85048","85048","3425.28","2020-2024","Zip Code Tabulation Area, 2020","2020","85048","85048","85048","4.46","2020-2024","Zip Code Tabulation Area, 2020","2020","85048","85048","85048","36.94","2020-2024"
"Maricopa (County, 2022)","AZ","Zip Code Tabulation Area, 2020","2020","85050","85050","85050","139836","2020-2024","Zip Code Tabulation Area, 2020","2020","85050","85050","85050","2223.12","2020-2024","Zip Code Tabulation Area, 2020","2020","85050","85050","85050","4.47","2020-2024","Zip Code Tabulation Area, 2020","2020","85050","85050","85050","34.15","2020-2024"
"Maricopa (County, 2022)","AZ","Zip Code Tabulation Area, 2020","2020","85051","85051","85051","69189","2020-2024","Zip Code Tabulation Area, 2020","2020","85051","85051","85051","7200.99","2020-2024","Zip Code Tabulation Area, 2020","2020","85051","85051","85051","13.83","2020-2024","Zip Code Tabulation Area, 2020","2020","85051","85051","85051","12.20","2020-2024"
"Maricopa (County, 2022)","AZ","Zip Code Tabulation Area, 2020","2020","85053","85053","85053","70011","2020-2024","Zip Code Tabulation Area, 2020","2020","85053","85053","85053","5762.53","2020-2024","Zip Code Tabulation Area, 2020","2020","85053","85053","85053","11.20","2020-2024","Zip Code Tabulation Area, 2020","2020","85053","85053","85053","18.72","2020-2024"
"Maricopa (County, 2022)","AZ","Zip Code Tabulation Area, 2020","2020","85054","85054","85054","91507","2020-2024","Zip Code Tabulation Area, 2020","2020","85054","85054","85054","1208.29","2020-2024","Zip Code Tabulation Area, 2020","2020","85054","85054","85054","11.59","2020-2024","Zip Code Tabulation Area, 2020","2020","85054","85054","85054","39.14","2020-2024"
"Maricopa (County, 2022)","AZ","Zip Code Tabulation Area, 2020","2020","85083","85083","85083","149087","2020-2024","Zip Code Tabulation Area, 2020","2020","85083","85083","85083","1054.83","2020-2024","Zip Code Tabulation Area, 2020","2020","85083","85083","85083","1.35","2020-2024","Zip Code Tabulation Area, 2020","2020","85083","85083","85083","26.23","2020-2024"
"Maricopa (County, 2022)","AZ","Zip Code Tabulation Area, 2020","2020","85085","85085","85085","128984","2020-2024","Zip Code Tabulation Area, 2020","2020","85085","85085","85085","825.27","2020-2024","Zip Code Tabulation Area, 2020","2020","85085","85085","85085","5.59","2020-2024","Zip Code Tabulation Area, 2020","2020","85085","85085","85085","31.84","2020-2024"
"Maricopa (County, 2022)","AZ","Zip Code Tabulation Area, 2020","2020","85086","85086","85086","121676","2020-2024","Zip Code Tabulation Area, 2020","2020","85086","85086","85086","705.36","2020-2024","Zip Code Tabulation Area, 2020","2020","85086","85086","85086","5.79","2020-2024","Zip Code Tabulation Area, 2020","2020","85086","85086","85086","28.29","2020-2024"
"Maricopa (County, 2022)","AZ","Zip Code Tabulation Area, 2020","2020","85087","85087","85087","138566","2020-2024","Zip Code Tabulation Area, 2020","2020","85087","85087","85087","116.58","2020-2024","Zip Code Tabulation Area, 2020","2020","85087","85087","85087","3.45","2020-2024","Zip Code Tabulation Area, 2020","2020","85087","85087","85087","19.13","2020-2024"
"Maricopa (County, 2022)","AZ","Zip Code Tabulation Area, 2020","2020","85201","85201","85201","67294","2020-2024","Zip Code Tabulation Area, 2020","2020","85201","85201","85201","5437.41","2020-2024","Zip Code Tabulation Area, 2020","2020","85201","85201","85201","16.46","2020-2024","Zip Code Tabulation Area, 2020","2020","85201","85201","85201","18.28","2020-2024"
"Maricopa (County, 2022)","AZ","Zip Code Tabulation Area, 2020","2020","85202","85202","85202","71619","2020-2024","Zip Code Tabulation Area, 2020","2020","85202","85202","85202","6214.04","2020-2024","Zip Code Tabulation Area, 2020","2020","85202","85202","85202","13.83","2020-2024","Zip Code Tabulation Area, 2020","2020","85202","85202","85202","23.10","2020-2024"
"Maricopa (County, 2022)","AZ","Zip Code Tabulation Area, 2020","2020","85203","85203","85203","73578","2020-2024","Zip Code Tabulation Area, 2020","2020","85203","85203","85203","4108.01","2020-2024","Zip Code Tabulation Area, 2020","2020","85203","85203","85203","13.69","2020-2024","Zip Code Tabulation Area, 2020","2020","85203","85203","85203","17.74","2020-2024"
"Maricopa (County, 2022)","AZ","Zip Code Tabulation Area, 2020","2020","85204","85204","85204","72216","2020-2024","Zip Code Tabulation Area, 2020","2020","85204","85204","85204","6575.75","2020-2024","Zip Code Tabulation Area, 2020","2020","85204","85204","85204","14.22","2020-2024","Zip Code Tabulation Area, 2020","2020","85204","85204","85204","15.29","2020-2024"
"Maricopa (County, 2022)","AZ","Zip Code Tabulation Area, 2020","2020","85205","85205","85205","73283","2020-2024","Zip Code Tabulation Area, 2020","2020","85205","85205","85205","4454.14","2020-2024","Zip Code Tabulation Area, 2020","2020","85205","85205","85205","8.88","2020-2024","Zip Code Tabulation Area, 2020","2020","85205","85205","85205","20.03","2020-2024"
"Maricopa (County, 2022)","AZ","Zip Code Tabulation Area, 2020","2020","85206","85206","85206","75607","2020-2024","Zip Code Tabulation Area, 2020","2020","85206","85206","85206","3966.66","2020-2024","Zip Code Tabulation Area, 2020","2020","85206","85206","85206","8.62","2020-2024","Zip Code Tabulation Area, 2020","2020","85206","85206","85206","21.48","2020-2024"
"Maricopa (County, 2022)","AZ","Zip Code Tabulation Area, 2020","2020","85207","85207","85207","108699","2020-2024","Zip Code Tabulation Area, 2020","2020","85207","85207","85207","1741.77","2020-2024","Zip Code Tabulation Area, 2020","2020","85207","85207","85207","8.97","2020-2024","Zip Code Tabulation Area, 2020","2020","85207","85207","85207","24.81","2020-2024"
"Maricopa (County, 2022)","AZ","Zip Code Tabulation Area, 2020","2020","85208","85208","85208","69390","2020-2024","Zip Code Tabulation Area, 2020","2020","85208","85208","85208","4572.17","2020-2024","Zip Code Tabulation Area, 2020","2020","85208","85208","85208","9.20","2020-2024","Zip Code Tabulation Area, 2020","2020","85208","85208","85208","15.45","2020-2024"
"Maricopa (County, 2022)","AZ","Zip Code Tabulation Area, 2020","2020","85209","85209","85209","84432","2020-2024","Zip Code Tabulation Area, 2020","2020","85209","85209","85209","3660.50","2020-2024","Zip Code Tabulation Area, 2020","2020","85209","85209","85209","7.27","2020-2024","Zip Code Tabulation Area, 2020","2020","85209","85209","85209","23.22","2020-2024"
"Maricopa (County, 2022)","AZ","Zip Code Tabulation Area, 2020","2020","85210","85210","85210","61957","2020-2024","Zip Code Tabulation Area, 2020","2020","85210","85210","85210","5838.87","2020-2024","Zip Code Tabulation Area, 2020","2020","85210","85210","85210","15.25","2020-2024","Zip Code Tabulation Area, 2020","2020","85210","85210","85210","16.66","2020-2024"
"Maricopa (County, 2022)","AZ","Zip Code Tabulation Area, 2020","2020","85212","85212","85212","125902","2020-2024","Zip Code Tabulation Area, 2020","2020","85212","85212","85212","1433.05","2020-2024","Zip Code Tabulation Area, 2020","2020","85212","85212","85212","3.41","2020-2024","Zip Code Tabulation Area, 2020","2020","85212","85212","85212","27.83","2020-2024"
"Maricopa (County, 2022)","AZ","Zip Code Tabulation Area, 2020","2020","85213","85213","85213","103969","2020-2024","Zip Code Tabulation Area, 2020","2020","85213","85213","85213","3995.92","2020-2024","Zip Code Tabulation Area, 2020","2020","85213","85213","85213","7.87","2020-2024","Zip Code Tabulation Area, 2020","2020","85213","85213","85213","24.03","2020-2024"
"Maricopa (County, 2022)","AZ","Zip Code Tabulation Area, 2020","2020","85215","85215","85215","98831","2020-2024","Zip Code Tabulation Area, 2020","2020","85215","85215","85215","203.89","2020-2024","Zip Code Tabulation Area, 2020","2020","85215","85215","85215","6.73","2020-2024","Zip Code Tabulation Area, 2020","2020","85215","85215","85215","25.52","2020-2024"
"Maricopa (County, 2022)","AZ","Zip Code Tabulation Area, 2020","2020","85224","85224","85224","94516","2020-2024","Zip Code Tabulation Area, 2020","2020","85224","85224","85224","5088.41","2020-2024","Zip Code Tabulation Area, 2020","2020","85224","85224","85224","6.74","2020-2024","Zip Code Tabulation Area, 2020","2020","85224","85224","85224","25.61","2020-2024"
"Maricopa (County, 2022)","AZ","Zip Code Tabulation Area, 2020","2020","85225","85225","85225","88676","2020-2024","Zip Code Tabulation Area, 2020","2020","85225","85225","85225","5696.15","2020-2024","Zip Code Tabulation Area, 2020","2020","85225","85225","85225","13.98","2020-2024","Zip Code Tabulation Area, 2020","2020","85225","85225","85225","24.60","2020-2024"
"Maricopa (County, 2022)","AZ","Zip Code Tabulation Area, 2020","2020","85226","85226","85226","114817","2020-2024","Zip Code Tabulation Area, 2020","2020","85226","85226","85226","1100.13","2020-2024","Zip Code Tabulation Area, 2020","2020","85226","85226","85226","7.06","2020-2024","Zip Code Tabulation Area, 2020","2020","85226","85226","85226","29.81","2020-2024"
"Maricopa (County, 2022)","AZ","Zip Code Tabulation Area, 2020","2020","85233","85233","85233","111160","2020-2024","Zip Code Tabulation Area, 2020","2020","85233","85233","85233","4050.27","2020-2024","Zip Code Tabulation Area, 2020","2020","85233","85233","85233","7.54","2020-2024","Zip Code Tabulation Area, 2020","2020","85233","85233","85233","27.17","2020-2024"
"Maricopa (County, 2022)","AZ","Zip Code Tabulation Area, 2020","2020","85234","85234","85234","121102","2020-2024","Zip Code Tabulation Area, 2020","2020","85234","85234","85234","4293.80","2020-2024","Zip Code Tabulation Area, 2020","2020","85234","85234","85234","6.07","2020-2024","Zip Code Tabulation Area, 2020","2020","85234","85234","85234","28.28","2020-2024"
"Maricopa (County, 2022)","AZ","Zip Code Tabulation Area, 2020","2020","85248","85248","85248","94495","2020-2024","Zip Code Tabulation Area, 2020","2020","85248","85248","85248","1214.20","2020-2024","Zip Code Tabulation Area, 2020","2020","85248","85248","85248","7.15","2020-2024","Zip Code Tabulation Area, 2020","2020","85248","85248","85248","29.62","2020-2024"
"Maricopa (County, 2022)","AZ","Zip Code Tabulation Area, 2020","2020","85249","85249","85249","153633","2020-2024","Zip Code Tabulation Area, 2020","2020","85249","85249","85249","3397.27","2020-2024","Zip Code Tabulation Area, 2020","2020","85249","85249","85249","4.58","2020-2024","Zip Code Tabulation Area, 2020","2020","85249","85249","85249","31.83","2020-2024"
"Maricopa (County, 2022)","AZ","Zip Code Tabulation Area, 2020","2020","85250","85250","85250","95761","2020-2024","Zip Code Tabulation Area, 2020","2020","85250","85250","85250","1830.86","2020-2024","Zip Code Tabulation Area, 2020","2020","85250","85250","85250","6.87","2020-2024","Zip Code Tabulation Area, 2020","2020","85250","85250","85250","32.64","2020-2024"
"Maricopa (County, 2022)","AZ","Zip Code Tabulation Area, 2020","2020","85251","85251","85251","92851","2020-2024","Zip Code Tabulation Area, 2020","2020","85251","85251","85251","5645.11","2020-2024","Zip Code Tabulation Area, 2020","2020","85251","85251","85251","8.82","2020-2024","Zip Code Tabulation Area, 2020","2020","85251","85251","85251","40.60","2020-2024"
"Maricopa (County, 2022)","AZ","Zip Code Tabulation Area, 2020","2020","85253","85253","85253","184979","2020-2024","Zip Code Tabulation Area, 2020","2020","85253","85253","85253","988.94","2020-2024","Zip Code Tabulation Area, 2020","2020","85253","85253","85253","5.24","2020-2024","Zip Code Tabulation Area, 2020","2020","85253","85253","85253","36.42","2020-2024"
"Maricopa (County, 2022)","AZ","Zip Code Tabulation Area, 2020","2020","85254","85254","85254","123203","2020-2024","Zip Code Tabulation Area, 2020","2020","85254","85254","85254","3320.98","2020-2024","Zip Code Tabulation Area, 2020","2020","85254","85254","85254","4.86","2020-2024","Zip Code Tabulation Area, 2020","2020","85254","85254","85254","36.69","2020-2024"
"Maricopa (County, 2022)","AZ","Zip Code Tabulation Area, 2020","2020","85255","85255","85255","140616","2020-2024","Zip Code Tabulation Area, 2020","2020","85255","85255","85255","514.05","2020-2024","Zip Code Tabulation Area, 2020","2020","85255","85255","85255","6.85","2020-2024","Zip Code Tabulation Area, 2020","2020","85255","85255","85255","36.96","2020-2024"
"Maricopa (County, 2022)","AZ","Zip Code Tabulation Area, 2020","2020","85256","85256","85256","44844","2020-2024","Zip Code Tabulation Area, 2020","2020","85256","85256","85256","102.45","2020-2024","Zip Code Tabulation Area, 2020","2020","85256","85256","85256","29.33","2020-2024","Zip Code Tabulation Area, 2020","2020","85256","85256","85256","7.35","2020-2024"
"Maricopa (County, 2022)","AZ","Zip Code Tabulation Area, 2020","2020","85257","85257","85257","86962","2020-2024","Zip Code Tabulation Area, 2020","2020","85257","85257","85257","4342.29","2020-2024","Zip Code Tabulation Area, 2020","2020","85257","85257","85257","7.65","2020-2024","Zip Code Tabulation Area, 2020","2020","85257","85257","85257","33.77","2020-2024"
"Maricopa (County, 2022)","AZ","Zip Code Tabulation Area, 2020","2020","85258","85258","85258","114111","2020-2024","Zip Code Tabulation Area, 2020","2020","85258","85258","85258","2478.46","2020-2024","Zip Code Tabulation Area, 2020","2020","85258","85258","85258","10.12","2020-2024","Zip Code Tabulation Area, 2020","2020","85258","85258","85258","39.18","2020-2024"
"Maricopa (County, 2022)","AZ","Zip Code Tabulation Area, 2020","2020","85259","85259","85259","137895","2020-2024","Zip Code Tabulation Area, 2020","2020","85259","85259","85259","1045.30","2020-2024","Zip Code Tabulation Area, 2020","2020","85259","85259","85259","6.27","2020-2024","Zip Code Tabulation Area, 2020","2020","85259","85259","85259","35.50","2020-2024"
"Maricopa (County, 2022)","AZ","Zip Code Tabulation Area, 2020","2020","85260","85260","85260","97177","2020-2024","Zip Code Tabulation Area, 2020","2020","85260","85260","85260","2801.37","2020-2024","Zip Code Tabulation Area, 2020","2020","85260","85260","85260","5.37","2020-2024","Zip Code Tabulation Area, 2020","2020","85260","85260","85260","38.53","2020-2024"
"Maricopa (County, 2022)","AZ","Zip Code Tabulation Area, 2020","2020","85262","85262","85262","177790","2020-2024","Zip Code Tabulation Area, 2020","2020","85262","85262","85262","92.32","2020-2024","Zip Code Tabulation Area, 2020","2020","85262","85262","85262","7.68","2020-2024","Zip Code Tabulation Area, 2020","2020","85262","85262","85262","33.50","2020-2024"
"Maricopa (County, 2022)","AZ","Zip Code Tabulation Area, 2020","2020","85263","85263","85263","145053","2020-2024","Zip Code Tabulation Area, 2020","2020","85263","85263","85263","18.43","2020-2024","Zip Code Tabulation Area, 2020","2020","85263","85263","85263","6.31","2020-2024","Zip Code Tabulation Area, 2020","2020","85263","85263","85263","42.23","2020-2024"
"Maricopa (County, 2022)","AZ","Zip Code Tabulation Area, 2020","2020","85264","85264","85264","60729","2020-2024","Zip Code Tabulation Area, 2020","2020","85264","85264","85264","2.95","2020-2024","Zip Code Tabulation Area, 2020","2020","85264","85264","85264","19.68","2020-2024","Zip Code Tabulation Area, 2020","2020","85264","85264","85264","11.64","2020-2024"
"Maricopa (County, 2022)","AZ","Zip Code Tabulation Area, 2020","2020","85266","85266","85266","151923","2020-2024","Zip Code Tabulation Area, 2020","2020","85266","85266","85266","638.03","2020-2024","Zip Code Tabulation Area, 2020","2020","85266","85266","85266","4.97","2020-2024","Zip Code Tabulation Area, 2020","2020","85266","85266","85266","38.24","2020-2024"
"Maricopa (County, 2022)","AZ","Zip Code Tabulation Area, 2020","2020","85268","85268","85268","112795","2020-2024","Zip Code Tabulation Area, 2020","2020","85268","85268","85268","1164.53","2020-2024","Zip Code Tabulation Area, 2020","2020","85268","85268","85268","6.22","2020-2024","Zip Code Tabulation Area, 2020","2020","85268","85268","85268","30.88","2020-2024"
"Maricopa (County, 2022)","AZ","Zip Code Tabulation Area, 2020","2020","85281","85281","85281","64538","2020-2024","Zip Code Tabulation Area, 2020","2020","85281","85281","85281","5467.50","2020-2024","Zip Code Tabulation Area, 2020","2020","85281","85281","85281","24.63","2020-2024","Zip Code Tabulation Area, 2020","2020","85281","85281","85281","32.05","2020-2024"
"Maricopa (County, 2022)","AZ","Zip Code Tabulation Area, 2020","2020","85282","85282","85282","79036","2020-2024","Zip Code Tabulation Area, 2020","2020","85282","85282","85282","4831.92","2020-2024","Zip Code Tabulation Area, 2020","2020","85282","85282","85282","13.97","2020-2024","Zip Code Tabulation Area, 2020","2020","85282","85282","85282","24.49","2020-2024"
"Maricopa (County, 2022)","AZ","Zip Code Tabulation Area, 2020","2020","85283","85283","85283","84568","2020-2024","Zip Code Tabulation Area, 2020","2020","85283","85283","85283","5376.74","2020-2024","Zip Code Tabulation Area, 2020","2020","85283","85283","85283","12.71","2020-2024","Zip Code Tabulation Area, 2020","2020","85283","85283","85283","25.48","2020-2024"
"Maricopa (County, 2022)","AZ","Zip Code Tabulation Area, 2020","2020","85284","85284","85284","156146","2020-2024","Zip Code Tabulation Area, 2020","2020","85284","85284","85284","2491.80","2020-2024","Zip Code Tabulation Area, 2020","2020","85284","85284","85284","2.76","2020-2024","Zip Code Tabulation Area, 2020","2020","85284","85284","85284","34.72","2020-2024"
"Maricopa (County, 2022)","AZ","Zip Code Tabulation Area, 2020","2020","85286","85286","85286","121758","2020-2024","Zip Code Tabulation Area, 2020","2020","85286","85286","85286","3181.72","2020-2024","Zip Code Tabulation Area, 2020","2020","85286","85286","85286","5.70","2020-2024","Zip Code Tabulation Area, 2020","2020","85286","85286","85286","30.36","2020-2024"
"Maricopa (County, 2022)","AZ","Zip Code Tabulation Area, 2020","2020","85295","85295","85295","118467","2020-2024","Zip Code Tabulation Area, 2020","2020","85295","85295","85295","4705.56","2020-2024","Zip Code Tabulation Area, 2020","2020","85295","85295","85295","3.74","2020-2024","Zip Code Tabulation Area, 2020","2020","85295","85295","85295","32.94","2020-2024"
"Maricopa (County, 2022)","AZ","Zip Code Tabulation Area, 2020","2020","85296","85296","85296","118982","2020-2024","Zip Code Tabulation Area, 2020","2020","85296","85296","85296","4548.48","2020-2024","Zip Code Tabulation Area, 2020","2020","85296","85296","85296","4.92","2020-2024","Zip Code Tabulation Area, 2020","2020","85296","85296","85296","32.99","2020-2024"
"Maricopa (County, 2022)","AZ","Zip Code Tabulation Area, 2020","2020","85297","85297","85297","130755","2020-2024","Zip Code Tabulation Area, 2020","2020","85297","85297","85297","3493.06","2020-2024","Zip Code Tabulation Area, 2020","2020","85297","85297","85297","5.82","2020-2024","Zip Code Tabulation Area, 2020","2020","85297","85297","85297","27.32","2020-2024"
"Maricopa (County, 2022)","AZ","Zip Code Tabulation Area, 2020","2020","85298","85298","85298","156425","2020-2024","Zip Code Tabulation Area, 2020","2020","85298","85298","85298","2815.00","2020-2024","Zip Code Tabulation Area, 2020","2020","85298","85298","85298","3.23","2020-2024","Zip Code Tabulation Area, 2020","2020","85298","85298","85298","33.13","2020-2024"
"Maricopa (County, 2022)","AZ","Zip Code Tabulation Area, 2020","2020","85301","85301","85301","53827","2020-2024","Zip Code Tabulation Area, 2020","2020","85301","85301","85301","7321.30","2020-2024","Zip Code Tabulation Area, 2020","2020","85301","85301","85301","25.51","2020-2024","Zip Code Tabulation Area, 2020","2020","85301","85301","85301","8.50","2020-2024"
"Maricopa (County, 2022)","AZ","Zip Code Tabulation Area, 2020","2020","85302","85302","85302","65132","2020-2024","Zip Code Tabulation Area, 2020","2020","85302","85302","85302","6756.68","2020-2024","Zip Code Tabulation Area, 2020","2020","85302","85302","85302","15.74","2020-2024","Zip Code Tabulation Area, 2020","2020","85302","85302","85302","12.56","2020-2024"
"Maricopa (County, 2022)","AZ","Zip Code Tabulation Area, 2020","2020","85303","85303","85303","80650","2020-2024","Zip Code Tabulation Area, 2020","2020","85303","85303","85303","4982.13","2020-2024","Zip Code Tabulation Area, 2020","2020","85303","85303","85303","14.44","2020-2024","Zip Code Tabulation Area, 2020","2020","85303","85303","85303","9.26","2020-2024"
"Maricopa (County, 2022)","AZ","Zip Code Tabulation Area, 2020","2020","85304","85304","85304","86927","2020-2024","Zip Code Tabulation Area, 2020","2020","85304","85304","85304","5465.30","2020-2024","Zip Code Tabulation Area, 2020","2020","85304","85304","85304","9.22","2020-2024","Zip Code Tabulation Area, 2020","2020","85304","85304","85304","17.10","2020-2024"
"Maricopa (County, 2022)","AZ","Zip Code Tabulation Area, 2020","2020","85305","85305","85305","88167","2020-2024","Zip Code Tabulation Area, 2020","2020","85305","85305","85305","2943.30","2020-2024","Zip Code Tabulation Area, 2020","2020","85305","85305","85305","8.09","2020-2024","Zip Code Tabulation Area, 2020","2020","85305","85305","85305","17.76","2020-2024"
"Maricopa (County, 2022)","AZ","Zip Code Tabulation Area, 2020","2020","85306","85306","85306","84779","2020-2024","Zip Code Tabulation Area, 2020","2020","85306","85306","85306","4253.88","2020-2024","Zip Code Tabulation Area, 2020","2020","85306","85306","85306","10.27","2020-2024","Zip Code Tabulation Area, 2020","2020","85306","85306","85306","16.35","2020-2024"
"Maricopa (County, 2022)","AZ","Zip Code Tabulation Area, 2020","2020","85307","85307","85307","82888","2020-2024","Zip Code Tabulation Area, 2020","2020","85307","85307","85307","1367.42","2020-2024","Zip Code Tabulation Area, 2020","2020","85307","85307","85307","7.93","2020-2024","Zip Code Tabulation Area, 2020","2020","85307","85307","85307","13.61","2020-2024"
"Maricopa (County, 2022)","AZ","Zip Code Tabulation Area, 2020","2020","85308","85308","85308","95247","2020-2024","Zip Code Tabulation Area, 2020","2020","85308","85308","85308","3850.97","2020-2024","Zip Code Tabulation Area, 2020","2020","85308","85308","85308","9.63","2020-2024","Zip Code Tabulation Area, 2020","2020","85308","85308","85308","23.66","2020-2024"
"Maricopa (County, 2022)","AZ","Zip Code Tabulation Area, 2020","2020","85310","85310","85310","122137","2020-2024","Zip Code Tabulation Area, 2020","2020","85310","85310","85310","2176.29","2020-2024","Zip Code Tabulation Area, 2020","2020","85310","85310","85310","4.31","2020-2024","Zip Code Tabulation Area, 2020","2020","85310","85310","85310","26.69","2020-2024"
"Maricopa (County, 2022)","AZ","Zip Code Tabulation Area, 2020","2020","85320","85320","85320","47731","2020-2024","Zip Code Tabulation Area, 2020","2020","85320","85320","85320","1.69","2020-2024","Zip Code Tabulation Area, 2020","2020","85320","85320","85320","6.37","2020-2024","Zip Code Tabulation Area, 2020","2020","85320","85320","85320","29.32","2020-2024"
"Maricopa (County, 2022)","AZ","Zip Code Tabulation Area, 2020","2020","85322","85322","85322","75417","2020-2024","Zip Code Tabulation Area, 2020","2020","85322","85322","85322","1.37","2020-2024","Zip Code Tabulation Area, 2020","2020","85322","85322","85322","1.70","2020-2024","Zip Code Tabulation Area, 2020","2020","85322","85322","85322","5.22","2020-2024"
"Maricopa (County, 2022)","AZ","Zip Code Tabulation Area, 2020","2020","85323","85323","85323","83120","2020-2024","Zip Code Tabulation Area, 2020","2020","85323","85323","85323","2651.96","2020-2024","Zip Code Tabulation Area, 2020","2020","85323","85323","85323","12.87","2020-2024","Zip Code Tabulation Area, 2020","2020","85323","85323","85323","12.90","2020-2024"
"Maricopa (County, 2022)","AZ","Zip Code Tabulation Area, 2020","2020","85326","85326","85326","89876","2020-2024","Zip Code Tabulation Area, 2020","2020","85326","85326","85326","156.03","2020-2024","Zip Code Tabulation Area, 2020","2020","85326","85326","85326","9.28","2020-2024","Zip Code Tabulation Area, 2020","2020","85326","85326","85326","10.95","2020-2024"
"Maricopa (County, 2022)","AZ","Zip Code Tabulation Area, 2020","2020","85329","85329","85329","36399","2020-2024","Zip Code Tabulation Area, 2020","2020","85329","85329","85329","6999.03","2020-2024","Zip Code Tabulation Area, 2020","2020","85329","85329","85329","25.71","2020-2024","Zip Code Tabulation Area, 2020","2020","85329","85329","85329","0.00","2020-2024"
"Maricopa (County, 2022)","AZ","Zip Code Tabulation Area, 2020","2020","85331","85331","85331","129083","2020-2024","Zip Code Tabulation Area, 2020","2020","85331","85331","85331","243.78","2020-2024","Zip Code Tabulation Area, 2020","2020","85331","85331","85331","5.26","2020-2024","Zip Code Tabulation Area, 2020","2020","85331","85331","85331","32.92","2020-2024"
"Maricopa (County, 2022)","AZ","Zip Code Tabulation Area, 2020","2020","85333","85333","85333","39722","2020-2024","Zip Code Tabulation Area, 2020","2020","85333","85333","85333","0.70","2020-2024","Zip Code Tabulation Area, 2020","2020","85333","85333","85333","25.81","2020-2024","Zip Code Tabulation Area, 2020","2020","85333","85333","85333","19.87","2020-2024"
"Maricopa (County, 2022)","AZ","Zip Code Tabulation Area, 2020","2020","85335","85335","85335","78050","2020-2024","Zip Code Tabulation Area, 2020","2020","85335","85335","85335","3013.69","2020-2024","Zip Code Tabulation Area, 2020","2020","85335","85335","85335","12.46","2020-2024","Zip Code Tabulation Area, 2020","2020","85335","85335","85335","10.37","2020-2024"
"Maricopa (County, 2022)","AZ","Zip Code Tabulation Area, 2020","2020","85337","85337","85337","55365","2020-2024","Zip Code Tabulation Area, 2020","2020","85337","85337","85337","5.77","2020-2024","Zip Code Tabulation Area, 2020","2020","85337","85337","85337","14.01","2020-2024","Zip Code Tabulation Area, 2020","2020","85337","85337","85337","6.62","2020-2024"
"Maricopa (County, 2022)","AZ","Zip Code Tabulation Area, 2020","2020","85338","85338","85338","101744","2020-2024","Zip Code Tabulation Area, 2020","2020","85338","85338","85338","887.23","2020-2024","Zip Code Tabulation Area, 2020","2020","85338","85338","85338","5.35","2020-2024","Zip Code Tabulation Area, 2020","2020","85338","85338","85338","21.81","2020-2024"
"Maricopa (County, 2022)","AZ","Zip Code Tabulation Area, 2020","2020","85339","85339","85339","110602","2020-2024","Zip Code Tabulation Area, 2020","2020","85339","85339","85339","211.64","2020-2024","Zip Code Tabulation Area, 2020","2020","85339","85339","85339","8.78","2020-2024","Zip Code Tabulation Area, 2020","2020","85339","85339","85339","18.09","2020-2024"
"Maricopa (County, 2022)","AZ","Zip Code Tabulation Area, 2020","2020","85340","85340","85340","122323","2020-2024","Zip Code Tabulation Area, 2020","2020","85340","85340","85340","1307.42","2020-2024","Zip Code Tabulation Area, 2020","2020","85340","85340","85340","9.02","2020-2024","Zip Code Tabulation Area, 2020","2020","85340","85340","85340","24.37","2020-2024"
"Maricopa (County, 2022)","AZ","Zip Code Tabulation Area, 2020","2020","85345","85345","85345","67380","2020-2024","Zip Code Tabulation Area, 2020","2020","85345","85345","85345","4800.91","2020-2024","Zip Code Tabulation Area, 2020","2020","85345","85345","85345","13.20","2020-2024","Zip Code Tabulation Area, 2020","2020","85345","85345","85345","12.66","2020-2024"
"Maricopa (County, 2022)","AZ","Zip Code Tabulation Area, 2020","2020","85351","85351","85351","53725","2020-2024","Zip Code Tabulation Area, 2020","2020","85351","85351","85351","2536.61","2020-2024","Zip Code Tabulation Area, 2020","2020","85351","85351","85351","8.80","2020-2024","Zip Code Tabulation Area, 2020","2020","85351","85351","85351","13.90","2020-2024"
"Maricopa (County, 2022)","AZ","Zip Code Tabulation Area, 2020","2020","85353","85353","85353","94154","2020-2024","Zip Code Tabulation Area, 2020","2020","85353","85353","85353","2278.21","2020-2024","Zip Code Tabulation Area, 2020","2020","85353","85353","85353","9.64","2020-2024","Zip Code Tabulation Area, 2020","2020","85353","85353","85353","10.72","2020-2024"
"Maricopa (County, 2022)","AZ","Zip Code Tabulation Area, 2020","2020","85354","85354","85354","64203","2020-2024","Zip Code Tabulation Area, 2020","2020","85354","85354","85354","11.92","2020-2024","Zip Code Tabulation Area, 2020","2020","85354","85354","85354","10.82","2020-2024","Zip Code Tabulation Area, 2020","2020","85354","85354","85354","10.56","2020-2024"
"Maricopa (County, 2022)","AZ","Zip Code Tabulation Area, 2020","2020","85355","85355","85355","123055","2020-2024","Zip Code Tabulation Area, 2020","2020","85355","85355","85355","417.79","2020-2024","Zip Code Tabulation Area, 2020","2020","85355","85355","85355","7.22","2020-2024","Zip Code Tabulation Area, 2020","2020","85355","85355","85355","13.57","2020-2024"
"Maricopa (County, 2022)","AZ","Zip Code Tabulation Area, 2020","2020","85361","85361","85361","77361","2020-2024","Zip Code Tabulation Area, 2020","2020","85361","85361","85361","68.23","2020-2024","Zip Code Tabulation Area, 2020","2020","85361","85361","85361","4.44","2020-2024","Zip Code Tabulation Area, 2020","2020","85361","85361","85361","11.14","2020-2024"
"Maricopa (County, 2022)","AZ","Zip Code Tabulation Area, 2020","2020","85363","85363","85363","68321","2020-2024","Zip Code Tabulation Area, 2020","2020","85363","85363","85363","4592.90","2020-2024","Zip Code Tabulation Area, 2020","2020","85363","85363","85363","10.43","2020-2024","Zip Code Tabulation Area, 2020","2020","85363","85363","85363","9.40","2020-2024"
"Maricopa (County, 2022)","AZ","Zip Code Tabulation Area, 2020","2020","85373","85373","85373","72063","2020-2024","Zip Code Tabulation Area, 2020","2020","85373","85373","85373","1798.65","2020-2024","Zip Code Tabulation Area, 2020","2020","85373","85373","85373","9.32","2020-2024","Zip Code Tabulation Area, 2020","2020","85373","85373","85373","19.14","2020-2024"
"Maricopa (County, 2022)","AZ","Zip Code Tabulation Area, 2020","2020","85374","85374","85374","81201","2020-2024","Zip Code Tabulation Area, 2020","2020","85374","85374","85374","3239.70","2020-2024","Zip Code Tabulation Area, 2020","2020","85374","85374","85374","11.07","2020-2024","Zip Code Tabulation Area, 2020","2020","85374","85374","85374","18.94","2020-2024"
"Maricopa (County, 2022)","AZ","Zip Code Tabulation Area, 2020","2020","85375","85375","85375","63928","2020-2024","Zip Code Tabulation Area, 2020","2020","85375","85375","85375","2233.94","2020-2024","Zip Code Tabulation Area, 2020","2020","85375","85375","85375","7.51","2020-2024","Zip Code Tabulation Area, 2020","2020","85375","85375","85375","19.95","2020-2024"
"Maricopa (County, 2022)","AZ","Zip Code Tabulation Area, 2020","2020","85377","85377","85377","149167","2020-2024","Zip Code Tabulation Area, 2020","2020","85377","85377","85377","399.92","2020-2024","Zip Code Tabulation Area, 2020","2020","85377","85377","85377","8.29","2020-2024","Zip Code Tabulation Area, 2020","2020","85377","85377","85377","39.84","2020-2024"
"Maricopa (County, 2022)","AZ","Zip Code Tabulation Area, 2020","2020","85378","85378","85378","56444","2020-2024","Zip Code Tabulation Area, 2020","2020","85378","85378","85378","2712.31","2020-2024","Zip Code Tabulation Area, 2020","2020","85378","85378","85378","23.55","2020-2024","Zip Code Tabulation Area, 2020","2020","85378","85378","85378","7.42","2020-2024"
"Maricopa (County, 2022)","AZ","Zip Code Tabulation Area, 2020","2020","85379","85379","85379","110616","2020-2024","Zip Code Tabulation Area, 2020","2020","85379","85379","85379","4751.11","2020-2024","Zip Code Tabulation Area, 2020","2020","85379","85379","85379","8.95","2020-2024","Zip Code Tabulation Area, 2020","2020","85379","85379","85379","19.45","2020-2024"
"Maricopa (County, 2022)","AZ","Zip Code Tabulation Area, 2020","2020","85381","85381","85381","96746","2020-2024","Zip Code Tabulation Area, 2020","2020","85381","85381","85381","4144.65","2020-2024","Zip Code Tabulation Area, 2020","2020","85381","85381","85381","6.64","2020-2024","Zip Code Tabulation Area, 2020","2020","85381","85381","85381","20.84","2020-2024"
"Maricopa (County, 2022)","AZ","Zip Code Tabulation Area, 2020","2020","85382","85382","85382","91525","2020-2024","Zip Code Tabulation Area, 2020","2020","85382","85382","85382","4409.49","2020-2024","Zip Code Tabulation Area, 2020","2020","85382","85382","85382","7.92","2020-2024","Zip Code Tabulation Area, 2020","2020","85382","85382","85382","24.36","2020-2024"
"Maricopa (County, 2022)","AZ","Zip Code Tabulation Area, 2020","2020","85383","85383","85383","145546","2020-2024","Zip Code Tabulation Area, 2020","2020","85383","85383","85383","474.45","2020-2024","Zip Code Tabulation Area, 2020","2020","85383","85383","85383","4.90","2020-2024","Zip Code Tabulation Area, 2020","2020","85383","85383","85383","29.89","2020-2024"
"Maricopa (County, 2022)","AZ","Zip Code Tabulation Area, 2020","2020","85387","85387","85387","98757","2020-2024","Zip Code Tabulation Area, 2020","2020","85387","85387","85387","373.87","2020-2024","Zip Code Tabulation Area, 2020","2020","85387","85387","85387","6.34","2020-2024","Zip Code Tabulation Area, 2020","2020","85387","85387","85387","23.09","2020-2024"
"Maricopa (County, 2022)","AZ","Zip Code Tabulation Area, 2020","2020","85388","85388","85388","112164","2020-2024","Zip Code Tabulation Area, 2020","2020","85388","85388","85388","2753.50","2020-2024","Zip Code Tabulation Area, 2020","2020","85388","85388","85388","4.35","2020-2024","Zip Code Tabulation Area, 2020","2020","85388","85388","85388","19.63","2020-2024"
"Maricopa (County, 2022)","AZ","Zip Code Tabulation Area, 2020","2020","85390","85390","85390","68591","2020-2024","Zip Code Tabulation Area, 2020","2020","85390","85390","85390","21.65","2020-2024","Zip Code Tabulation Area, 2020","2020","85390","85390","85390","12.23","2020-2024","Zip Code Tabulation Area, 2020","2020","85390","85390","85390","17.43","2020-2024"
"Maricopa (County, 2022)","AZ","Zip Code Tabulation Area, 2020","2020","85392","85392","85392","87702","2020-2024","Zip Code Tabulation Area, 2020","2020","85392","85392","85392","4023.17","2020-2024","Zip Code Tabulation Area, 2020","2020","85392","85392","85392","8.07","2020-2024","Zip Code Tabulation Area, 2020","2020","85392","85392","85392","16.01","2020-2024"
"Maricopa (County, 2022)","AZ","Zip Code Tabulation Area, 2020","2020","85395","85395","85395","105935","2020-2024","Zip Code Tabulation Area, 2020","2020","85395","85395","85395","2174.19","2020-2024","Zip Code Tabulation Area, 2020","2020","85395","85395","85395","5.20","2020-2024","Zip Code Tabulation Area, 2020","2020","85395","85395","85395","23.38","2020-2024"
"Maricopa (County, 2022)","AZ","Zip Code Tabulation Area, 2020","2020","85396","85396","85396","114056","2020-2024","Zip Code Tabulation Area, 2020","2020","85396","85396","85396","423.34","2020-2024","Zip Code Tabulation Area, 2020","2020","85396","85396","85396","7.79","2020-2024","Zip Code Tabulation Area, 2020","2020","85396","85396","85396","21.92","2020-2024"
